ticket_id,chunk,release,chunk_title,title,type,size,brd_refs,status
LL-001,C00,R1,Foundation,"Monorepo skeleton: api (FastAPI), web (React, Vite, TypeScript), docs",OPS,S,,Todo
LL-002,C00,R1,Foundation,"Docker Compose: Postgres, Redis, MinIO, ClamAV, Mailpit",OPS,S,"INT-03, INT-04",Todo
LL-003,C00,R1,Foundation,"CI on every pull request: lint, type-check, unit tests",OPS,S,,Todo
LL-004,C00,R1,Foundation,Config from environment; logger that never writes personal identifiers,API,S,NFR-SE-06,Todo
LL-005,C00,R1,Foundation,Alembic baseline; UTC storage and India-time display helpers,DB,S,NFR-AU-01,Todo
LL-006,C01,R1,Users and roles,Users and roles tables,DB,S,FR-AC-01,Todo
LL-007,C01,R1,Users and roles,Password sign-in with argon2 and session cookies,API,M,NFR-SE-02,Todo
LL-008,C01,R1,Users and roles,Central authorization dependency: role plus assignment check on every route,API,M,NFR-SE-01,Todo
LL-009,C01,R1,Users and roles,Administrator creates and disables staff and consultants; consultant agreement date recorded,API,M,"FR-AC-02, BRD s12",Todo
LL-010,C01,R1,Users and roles,Sign-in page and app shell with role-aware navigation,WEB,M,,Todo
LL-011,C02,R1,Two-step sign-in and sessions,TOTP enrolment and verification for Staff and Administrator,API,M,NFR-SE-02,Todo
LL-012,C02,R1,Two-step sign-in and sessions,20-minute idle timeout; sessions end on disable or password change,API,S,"NFR-SE-03, FR-AC-02",Todo
LL-013,C02,R1,Two-step sign-in and sessions,Enrolment and code-entry screens,WEB,S,,Todo
LL-014,C02,R1,Two-step sign-in and sessions,Authorization test harness: every role against every endpoint,TEST,M,"NFR-SE-01, FR-AC-01",Todo
LL-015,C03,R1,Audit log core,audit_entries table; database blocks update and delete,DB,M,FR-AU-02,Todo
LL-016,C03,R1,Audit log core,Hash-chain writer (previous hash plus entry hash),API,M,FR-AU-03,Todo
LL-017,C03,R1,Audit log core,"audit() helper and middleware: sign-in, failures, denied requests",API,M,FR-AU-01,Todo
LL-018,C04,R1,Audit verification and viewer,Chain verification service and on-demand endpoint,API,S,FR-AU-03,Todo
LL-019,C04,R1,Audit verification and viewer,Daily verification job; alert Administrator and Partners on failure,JOB,S,FR-AU-03,Todo
LL-020,C04,R1,Audit verification and viewer,Admin audit viewer with filters and export including chain result,WEB,M,FR-AU-04,Todo
LL-021,C04,R1,Audit verification and viewer,Tamper test on a database copy,TEST,S,FR-AU-03,Todo
LL-022,C05,R1,Packages and filing calendars,"Tables: filings, packages, package filings, checklist templates, calendars (versioned)",DB,M,"FR-PK-01, FR-PK-02, FR-PK-05",Todo
LL-023,C05,R1,Packages and filing calendars,Package API with publish rules,API,M,FR-PK-01,Todo
LL-024,C05,R1,Packages and filing calendars,"Calendar API: type, frequency, due-date rule, FY handling, lead time",API,M,FR-PK-02,Todo
LL-025,C05,R1,Packages and filing calendars,Admin screens for packages and calendars,WEB,M,,Todo
LL-026,C06,R1,Due-date engine,Holiday table with Administrator editing,API,S,FR-PK-04,Todo
LL-027,C06,R1,Due-date engine,"Due-date rule evaluator for monthly, quarterly, yearly and FY handling",API,M,"FR-PK-02, NFR-MN-01",Todo
LL-028,C06,R1,Due-date engine,"Alert date: default 4 and 21 days, quarterly set by Admin, per-entry override, holiday rule",API,M,"FR-PK-03, FR-PK-04",Todo
LL-029,C06,R1,Due-date engine,Full-year due-date preview before saving a calendar,WEB,S,FR-PK-02,Todo
LL-030,C06,R1,Due-date engine,Month-end and holiday test cases,TEST,S,NFR-AU-01,Todo
LL-031,C07,R1,Clients: create,"clients and contacts tables; client_id from a database sequence starting at 100001 (6 digits, unique, immutable, never reused)",DB,S,CR-01,Todo
LL-032,C07,R1,Clients: create,PAN and GSTIN validators,API,S,FR-CL-01,Todo
LL-033,C07,R1,Clients: create,"Create-client API: required fields, duplicate block pointing to existing record",API,M,"FR-CL-01, FR-CL-02, CR-01",Todo
LL-034,C07,R1,Clients: create,"Several contacts with one primary; channel consent record (email on, WhatsApp and SMS off) with change log",API,S,"FR-CL-03, FR-AL-08",Todo
LL-035,C07,R1,Clients: create,Create-client form showing the assigned client ID on save,WEB,M,CR-01,Todo
LL-036,C08,R1,"Clients: change, search, reassign","Change owner, package or status with reason; history shown",API,M,FR-CL-04,Todo
LL-037,C08,R1,"Clients: change, search, reassign","Search and filter by name, PAN, owner, package, status; staff see own clients only; client ID searchable",API,M,"FR-CL-06, CR-01",Todo
LL-038,C08,R1,"Clients: change, search, reassign",Reassign moves access immediately,API,S,FR-AC-03,Todo
LL-039,C08,R1,"Clients: change, search, reassign",Client list and client detail with history,WEB,M,,Todo
LL-040,C09,R1,Cycles and tickets,tickets table: TKT-000001 style ID from a sequence; type FILING or TASK; linked to client,DB,M,CR-02,Todo
LL-041,C09,R1,Cycles and tickets,cycles table linked one-to-one to FILING tickets; package version recorded,DB,M,"FR-PK-05, FR-CY-02",Todo
LL-042,C09,R1,Cycles and tickets,Stage list and legal-transition table,API,M,FR-CY-02,Todo
LL-043,C09,R1,Cycles and tickets,Transition endpoint: server refuses illegal moves; writes history and audit,API,M,"FR-CY-02, FR-AU-01",Todo
LL-044,C09,R1,Cycles and tickets,Emit state_changed event on every transition (consumed by C15),API,S,CR-03,Todo
LL-045,C09,R1,Cycles and tickets,Ticket detail page with stage timeline,WEB,M,CR-02,Todo
LL-046,C10,R1,Cycle generator,Generate current-FY cycles with tickets when a package is assigned,JOB,M,"FR-CY-01, CR-02",Todo
LL-047,C10,R1,Cycle generator,"Rolling top-up job keeping 12 months ahead; unique key client, filing, period",JOB,M,"FR-CY-01, FR-CY-04",Todo
LL-048,C10,R1,Cycle generator,Failure raises Administrator alert and log entry; safe re-run,JOB,S,FR-CY-05,Todo
LL-049,C10,R1,Cycle generator,"Tests: double run, forced failure, closed client creates nothing",TEST,S,"FR-CY-04, FR-CY-05, FR-CL-04",Todo
LL-050,C11,R1,Ad hoc task tickets,Create and update TASK tickets linked to a client,API,M,CR-02,Todo
LL-051,C11,R1,Ad hoc task tickets,"Ticket list and filters (type, stage, owner, client ID, TKT ID)",WEB,M,CR-02,Todo
LL-052,C12,R1,Bulk due-date extension,Apply new due date to all open cycles of a filing with reason,API,M,FR-PK-06,Todo
LL-053,C12,R1,Bulk due-date extension,Recompute alert dates; audit entry,API,S,FR-PK-06,Todo
LL-054,C12,R1,Bulk due-date extension,Admin screen with preview of affected cycles,WEB,M,FR-PK-06,Todo
LL-055,C13,R1,Email service and outbox,Email provider interface (SMTP or cloud) with Mailpit in development,API,M,INT-01,Todo
LL-056,C13,R1,Email service and outbox,"Template engine; variables include client name, client ID, ticket ID, stage, due date",API,M,CR-03,Todo
LL-057,C13,R1,Email service and outbox,"Outbox table with statuses: draft, queued, sent, delivered, failed, bounced",DB,M,"FR-AL-06, CR-03",Todo
LL-058,C13,R1,Email service and outbox,Send worker with 24-hour retry and provider delivery callbacks,JOB,M,INT-01,Todo
LL-059,C14,R1,Secure links and client portal shell,"Link tokens: one client, one cycle, hashed at rest, 72-hour default expiry",API,M,FR-AL-02,Todo
LL-060,C14,R1,Secure links and client portal shell,Staff renew link; client can request a new link,API,M,FR-AL-02,Todo
LL-061,C14,R1,Secure links and client portal shell,Mobile-first client portal shell validating the link,WEB,M,"FR-AL-02, NFR-US-01",Todo
LL-062,C15,R1,Manual state-change emails,Consume state_changed: create one DRAFT notification per stage change (nothing is sent),API,M,CR-03,Todo
LL-063,C15,R1,Manual state-change emails,"Draft preview, optional personal note, Send endpoint with once-only guard; Own or Admin only",API,M,"CR-03, FR-AC-01",Todo
LL-064,C15,R1,Manual state-change emails,'Send update to client' button and draft badge on ticket page,WEB,M,CR-03,Todo
LL-065,C15,R1,Manual state-change emails,"Client status changes (active, paused, closed) also create drafts",API,S,"CR-03, FR-CL-04",Todo
LL-066,C15,R1,Manual state-change emails,Send goes to primary contact; other contacts copied only if chosen; send result audited,API,S,"FR-CL-03, FR-AU-01",Todo
LL-067,C15,R1,Manual state-change emails,"Tests: no auto-send, one draft per change, double-click sends once, audit entries present",TEST,S,CR-03,Todo
LL-068,C16,R1,Documents and storage,Encrypted object-storage adapter (India region); no public addresses,API,M,"INT-04, NFR-SE-05, NFR-SE-04",Todo
LL-069,C16,R1,Documents and storage,documents and versions tables; upload never overwrites,API,M,FR-AL-05,Todo
LL-070,C16,R1,Documents and storage,Virus scan on upload; file held until clean; type and size limits,JOB,M,"FR-AL-04, INT-03",Todo
LL-071,C16,R1,Documents and storage,Short-lived authorised download links; every view and download audited,API,M,"NFR-SE-05, FR-AU-01",Todo
LL-072,C16,R1,Documents and storage,Version history screen for staff,WEB,S,FR-AL-05,Todo
LL-073,C17,R1,Checklist and client upload,Create cycle checklist from the package version,API,S,"FR-AL-04, FR-PK-05",Todo
LL-074,C17,R1,Checklist and client upload,Portal upload per checklist item with pending list,WEB,M,FR-AL-04,Todo
LL-075,C17,R1,Checklist and client upload,Rejection reasons shown to client and logged,API,S,FR-AL-04,Todo
LL-076,C18,R1,Scheduled alerts and reminders,"First alert at alert date with secure link, due date and checklist (automatic)",JOB,M,FR-AL-01,Todo
LL-077,C18,R1,Scheduled alerts and reminders,"Reminders every 2 days, then daily after due date; stop when checklist complete",JOB,M,FR-AL-03,Todo
LL-078,C18,R1,Scheduled alerts and reminders,Failed or bounced send appears on the owner's work list within 15 minutes,API,S,FR-AL-06,Todo
LL-079,C18,R1,Scheduled alerts and reminders,"Tests: single send, stop condition, failure surfacing",TEST,S,"FR-AL-01, FR-AL-03, FR-AL-06",Todo
LL-080,C19,R1,Internal alerts and escalation,In-app notifications table and bell,API,M,FR-IN-01,Todo
LL-081,C19,R1,Internal alerts and escalation,Last required item arrives: stage Documents received and owner notified within 1 minute,API,M,"FR-IN-01, FR-CY-02",Todo
LL-082,C19,R1,Internal alerts and escalation,Missing after first alert plus grace: 'Waiting on client' with exact missing items,JOB,M,FR-IN-02,Todo
LL-083,C19,R1,Internal alerts and escalation,Escalate to Administrator 2 days before due date; one-time; dismiss needs a note,JOB,M,FR-IN-03,Todo
LL-084,C19,R1,Internal alerts and escalation,Notification list and dismiss-with-note screens,WEB,S,"FR-IN-01, FR-IN-03",Todo
LL-085,C20,R1,Daily work list,"Work-list API: received, missing, due this week, overdue",API,M,FR-IN-04,Todo
LL-086,C20,R1,Daily work list,Work-list screen as the staff landing page,WEB,M,FR-IN-04,Todo
LL-087,C20,R1,Daily work list,Count-consistency test,TEST,S,FR-IN-04,Todo
LL-088,C21,R1,Assignment and consultant access,assignments table; assign in-house or consultant with work due date and note; assignee notified,API,M,FR-WF-01,Todo
LL-089,C21,R1,Assignment and consultant access,Consultant sign-in: emailed link plus one-time code,API,M,NFR-SE-02,Todo
LL-090,C21,R1,Assignment and consultant access,Task-scoped consultant view: assigned cycle documents and upload space only,WEB,M,FR-WF-02,Todo
LL-091,C21,R1,Assignment and consultant access,Withdraw assignment; deny and log everything else,API,S,"FR-WF-02, FR-AU-01",Todo
LL-092,C22,R1,Review: maker-checker,Preparer uploads work as a new version; stage moves to In review,API,M,"BRD s6, FR-AL-05",Todo
LL-093,C22,R1,Review: maker-checker,Approve or return with comments; return sets stage to Preparing,API,M,FR-WF-04,Todo
LL-094,C22,R1,Review: maker-checker,Server refuses approval by the preparer,API,S,FR-WF-03,Todo
LL-095,C22,R1,Review: maker-checker,Review screen with comments,WEB,M,FR-WF-04,Todo
LL-096,C23,R1,Filing and closure,Filed requires uploaded acknowledgement and reference number,API,M,FR-WF-05,Todo
LL-097,C23,R1,Filing and closure,Close ticket: consultant access ends automatically; next cycle already scheduled,API,S,"FR-WF-02, BRD s6",Todo
LL-098,C23,R1,Filing and closure,"End-to-end lifecycle test: Scheduled to Closed, with a draft at every state change",TEST,M,"FR-CY-02, CR-03",Todo
LL-099,C24,R1,Fees: plans and invoices,Fee plan from package; client-specific override with Administrator approval,API,M,FR-FE-01,Todo
LL-100,C24,R1,Fees: plans and invoices,Invoice series with gapless numbers,API,M,FR-FE-02,Todo
LL-101,C24,R1,Fees: plans and invoices,Configurable tax rates (GST),API,S,FR-FE-09,Todo
LL-102,C24,R1,Fees: plans and invoices,"Invoice scheduler for monthly, quarterly, yearly, one-time",JOB,M,FR-FE-02,Todo
LL-103,C24,R1,Fees: plans and invoices,Fee plan and invoice screens,WEB,M,,Todo
LL-104,C25,R1,Fees: payments ledger,Append-only ledger; payments including part payments,API,M,FR-FE-03,Todo
LL-105,C25,R1,Fees: payments ledger,Reversing entries; originals stay visible,API,S,FR-FE-03,Todo
LL-106,C25,R1,Fees: payments ledger,"Fee status Paid, Due, Overdue, Part paid on client list and ticket",API,M,FR-FE-04,Todo
LL-107,C25,R1,Fees: payments ledger,Fees visible only for own clients; Administrator sees all,API,S,FR-FE-05,Todo
LL-108,C25,R1,Fees: payments ledger,Payment entry and ledger screens,WEB,M,FR-FE-03,Todo
LL-109,C26,R1,Fees: approvals and overdue policy,"Credit note, discount, write-off stay pending until Administrator approves",API,M,FR-FE-08,Todo
LL-110,C26,R1,Fees: approvals and overdue policy,"Overdue policy setting: reminder only, warn, or block Filed (default set after Q3)",API,M,FR-FE-06,Todo
LL-111,C26,R1,Fees: approvals and overdue policy,One-time Administrator override with reason,API,S,FR-FE-06,Todo
LL-112,C26,R1,Fees: approvals and overdue policy,Approval and policy screens,WEB,M,"FR-FE-06, FR-FE-08",Todo
LL-113,C27,R1,Dashboards,Administrator dashboard API and screen,API,M,FR-RP-01,Todo
LL-114,C27,R1,Dashboards,Staff dashboard scoped to own clients,WEB,M,FR-RP-02,Todo
LL-115,C27,R1,Dashboards,Tests: figure equals list; no cross-owner counts,TEST,S,"FR-RP-01, FR-RP-02",Todo
LL-116,C28,R1,Reports and exports,Filing status by period; late filings with reasons,API,M,FR-RP-03,Todo
LL-117,C28,R1,Reports and exports,Fee aging; consultant turnaround; alert delivery,API,M,FR-RP-03,Todo
LL-118,C28,R1,Reports and exports,Export to spreadsheet and PDF under the same access rules,API,M,FR-RP-04,Todo
LL-119,C28,R1,Reports and exports,Every export written to the audit log,API,S,"FR-RP-04, FR-AU-01",Todo
LL-120,C28,R1,Reports and exports,Reports screens,WEB,M,FR-RP-03,Todo
LL-121,C29,R1,Admin controls,"Break-glass access with mandatory reason, flagged in audit",API,M,FR-AC-05,Todo
LL-122,C29,R1,Admin controls,"Admin settings: grace period, reminder interval, escalation point, link expiry, idle timeout",API,M,"NFR-MN-01, FR-AL-02, FR-IN-03",Todo
LL-123,C29,R1,Admin controls,Settings and break-glass screens,WEB,M,,Todo
LL-124,C30,R1,Security hardening,Mask PAN and bank details on screen; log review,API,M,NFR-SE-06,Todo
LL-125,C30,R1,Security hardening,Encryption at rest and key separation review,OPS,M,NFR-SE-04,Todo
LL-126,C30,R1,Security hardening,Full authorization matrix against section 8 of the BRD,TEST,M,"FR-AC-01, NFR-SE-01",Todo
LL-127,C30,R1,Security hardening,Independent security test; fix critical and high findings,OPS,M,NFR-SE-07,Todo
LL-128,C31,R1,Resilience and performance,Daily backups to a separate location; restore test script,OPS,M,NFR-AV-02,Todo
LL-129,C31,R1,Resilience and performance,"Monitoring and alerts for failed jobs, failed emails, error spikes",OPS,M,NFR-OB-01,Todo
LL-130,C31,R1,Resilience and performance,"Load test: 5,000 clients, 50,000 cycles",TEST,M,"NFR-PF-01, NFR-SC-01",Todo
LL-131,C31,R1,Resilience and performance,Accessibility (WCAG 2.1 AA) and cross-browser pass,TEST,M,NFR-US-01,Todo
LL-132,C32,R1,"Migration, pilot and go-live",Migration scripts per Q5 with count and 5% sample check,OPS,M,"BRD s15, Q5",Todo
LL-133,C32,R1,"Migration, pilot and go-live",Load Q4 filing types and due-date rules,OPS,S,Q4,Todo
LL-134,C32,R1,"Migration, pilot and go-live",Pilot with 20 clients; defect triage,OPS,M,BRD s14,Todo
LL-135,C32,R1,"Migration, pilot and go-live",Sign-off pack with test evidence,OPS,S,BRD s15,Todo
LL-136,C33,R2,Client import,Spreadsheet upload and validation report,API,M,FR-CL-05,Todo
LL-137,C33,R2,Client import,Confirm-and-save step; import screen,WEB,M,FR-CL-05,Todo
LL-138,C34,R2,Nil filings and phone follow-up,Client confirms no activity; cycle skips to review,API,M,FR-CY-03,Todo
LL-139,C34,R2,Nil filings and phone follow-up,Phone-contact note with promised date and reminder,API,M,FR-IN-05,Todo
LL-140,C35,R2,Client messages and completion,Portal reply stored against the cycle; owner notified,API,M,FR-AL-07,Todo
LL-141,C35,R2,Client messages and completion,Completion draft with acknowledgement download link (manual send),API,M,"FR-WF-06, CR-03",Todo
LL-142,C35,R2,Client messages and completion,Fee reminders at set intervals after due date; stop when paid,JOB,M,FR-FE-07,Todo
LL-143,C36,R2,WhatsApp or SMS,WhatsApp or SMS provider adapter and approved templates,API,M,"INT-02, C-2, Q2",Todo
LL-144,C36,R2,WhatsApp or SMS,Channel selection honours consent record; fallback to email,API,M,"FR-AL-08, INT-02",Todo
LL-145,C37,R2,Package exceptions and access review,Add or remove filings for one client; removals need Administrator approval,API,M,FR-PK-07,Todo
LL-146,C37,R2,Package exceptions and access review,Access review export for quarterly certification,API,M,FR-AC-04,Todo
